gene,aa_site,aa,fitness,expected_count,aa_differs_among_clade_founders,subset_of_ORF1ab
S,331,N,0.0,252.89,False,False
S,332,I,0.0,222.3,False,False
S,333,T,0.0,803.62,False,False
S,334,N,0.0,287.34,False,False
S,335,L,0.0,506.67,False,False
S,336,C,0.0,714.23,False,False
S,337,P,0.0,1379.7,False,False
S,338,F,0.0,223.19,False,False
S,339,G,0.0,652.6,True,False
S,340,E,0.0,702.26,False,False
S,341,V,0.0,654.41,False,False
S,342,F,0.0,223.19,False,False
S,343,N,0.0,287.34,False,False
S,344,A,0.0,1245.4,False,False
S,345,T,0.0,803.62,False,False
S,346,R,0.0,660.74,True,False
S,347,F,0.0,223.19,False,False
S,348,A,0.0,1245.4,False,False
S,349,S,0.0,788.77,False,False
S,350,V,0.0,654.41,False,False
S,351,Y,0.0,238.04,False,False
S,352,A,0.0,1245.4,False,False
S,353,W,0.0,1209.9,False,False
S,354,N,0.0,287.34,False,False
S,355,R,0.0,1041.3,False,False
S,356,K,0.0,609.91,False,False
S,357,R,0.0,691.88,False,False
S,358,I,0.0,228.77,False,False
S,359,S,0.0,729.08,False,False
S,360,N,0.0,287.34,False,False
S,361,C,0.0,679.78,False,False
S,362,V,0.0,654.41,False,False
S,364,D,0.0,694.63,False,False
S,365,Y,0.0,238.04,False,False
S,366,S,0.0,788.77,False,False
S,368,L,0.0,151.0,True,False
S,369,Y,0.0,238.04,False,False
S,370,N,0.0,252.89,False,False
S,371,S,0.0,380.14,True,False
S,372,A,0.0,1245.4,False,False
S,373,L,0.0,526.1,True,False
S,374,F,0.0,223.19,False,False
S,375,S,0.0,380.14,True,False
S,376,T,0.0,502.55,True,False
S,377,F,0.0,223.19,False,False
S,378,K,0.0,609.91,False,False
S,379,C,0.0,679.78,False,False
S,380,Y,0.0,238.04,False,False
S,381,G,0.0,1111.0,False,False
S,382,V,0.0,654.41,False,False
S,383,S,0.0,788.77,False,False
S,384,P,0.0,1379.7,False,False
S,385,T,0.0,803.62,False,False
S,386,K,0.0,260.52,False,False
S,387,L,0.0,157.27,False,False
S,388,N,0.0,252.89,False,False
S,389,D,0.0,694.63,False,False
S,390,L,0.0,788.77,False,False
S,391,C,0.0,714.23,False,False
S,392,F,0.0,223.19,False,False
S,393,T,0.0,803.62,False,False
S,394,N,0.0,252.89,False,False
S,395,V,0.0,654.41,False,False
S,396,Y,0.0,238.04,False,False
S,397,A,0.0,1245.4,False,False
S,398,D,0.0,694.63,False,False
S,399,S,0.0,788.77,False,False
S,400,F,0.0,223.19,False,False
S,401,V,0.0,654.41,False,False
S,402,I,0.0,222.3,False,False
S,403,R,0.0,691.88,False,False
S,404,G,0.0,1111.0,False,False
S,405,D,0.0,472.75,True,False
S,406,E,0.0,702.26,False,False
S,407,V,0.0,654.41,False,False
S,408,R,0.0,481.82,True,False
S,409,Q,0.0,836.61,False,False
S,410,I,0.0,228.77,False,False
S,411,A,0.0,1245.4,False,False
S,412,P,0.0,1379.7,False,False
S,413,G,0.0,1111.0,False,False
S,415,T,0.0,803.62,False,False
S,416,G,0.0,1111.0,False,False
S,417,K,0.0,362.96,True,False
S,418,I,0.0,222.3,False,False
S,419,A,0.0,1245.4,False,False
S,420,D,0.0,694.63,False,False
S,421,Y,0.0,238.04,False,False
S,422,N,0.0,252.89,False,False
S,423,Y,0.0,238.04,False,False
S,424,K,0.0,260.52,False,False
S,425,L,0.0,157.27,False,False
S,426,P,0.0,1379.7,False,False
S,427,D,0.0,694.63,False,False
S,428,D,0.0,694.63,False,False
S,429,F,0.0,223.19,False,False
S,430,T,0.0,803.62,False,False
S,431,G,0.0,1111.0,False,False
S,432,C,0.0,714.23,False,False
S,433,V,0.0,654.41,False,False
S,434,I,0.0,293.44,False,False
S,435,A,0.0,1245.4,False,False
S,436,W,0.0,1209.9,False,False
S,437,N,0.0,252.89,False,False
S,438,S,0.0,788.77,False,False
S,439,N,0.0,287.34,False,False
S,440,N,0.0,128.63,True,False
S,441,L,0.0,788.77,False,False
S,442,D,0.0,694.63,False,False
S,443,S,0.0,788.77,False,False
S,444,K,0.0,594.3,True,False
S,445,V,0.0,625.23,True,False
S,446,G,0.0,940.88,True,False
S,447,G,0.0,1111.0,False,False
S,448,N,0.0,252.89,False,False
S,449,Y,0.0,238.04,False,False
S,450,N,0.0,252.89,False,False
S,451,Y,0.0,272.49,False,False
S,452,R,0.0,301.66,True,False
S,453,Y,0.0,238.04,False,False
S,454,R,0.0,691.88,False,False
S,455,L,0.0,506.67,False,False
S,456,F,0.0,223.19,False,False
S,457,R,0.0,1041.3,False,False
S,458,K,0.0,609.91,False,False
S,459,S,0.0,788.77,False,False
S,460,N,0.0,229.01,True,False
S,461,L,0.0,788.77,False,False
S,462,K,0.0,260.52,False,False
S,463,P,0.0,1379.7,False,False
S,464,F,0.0,223.19,False,False
S,465,E,0.0,1051.7,False,False
S,466,R,0.0,691.88,False,False
S,467,D,0.0,694.63,False,False
S,468,I,0.0,222.3,False,False
S,469,S,0.0,788.77,False,False
S,470,T,0.0,803.62,False,False
S,471,E,0.0,702.26,False,False
S,472,I,0.0,228.77,False,False
S,473,Y,0.0,238.04,False,False
S,474,Q,0.0,1186.0,False,False
S,475,A,0.0,1245.4,False,False
S,476,G,0.0,1111.0,False,False
S,477,S,0.0,411.63,True,False
S,478,K,0.0,182.42,True,False
S,479,P,0.0,1379.7,False,False
S,480,C,0.0,679.78,False,False
S,481,N,0.0,252.89,False,False
S,482,G,0.0,1111.0,False,False
S,483,V,0.0,654.41,False,False
S,484,E,0.0,399.64,True,False
S,485,G,0.0,1111.0,False,False
S,486,F,0.0,169.02,True,False
S,487,N,0.0,252.89,False,False
S,488,C,0.0,679.78,False,False
S,489,Y,0.0,272.49,False,False
S,490,F,0.0,209.95,True,False
S,491,P,0.0,1379.7,False,False
S,492,L,0.0,157.27,False,False
S,493,Q,0.0,600.18,True,False
S,494,S,0.0,788.77,False,False
S,495,Y,0.0,238.04,False,False
S,496,G,0.0,993.78,True,False
S,497,F,0.0,257.64,False,False
S,498,Q,0.0,408.46,True,False
S,499,P,0.0,1379.7,False,False
S,500,T,0.0,803.62,False,False
S,501,N,0.0,108.89,True,False
S,502,G,0.0,1111.0,False,False
S,503,V,0.0,654.41,False,False
S,504,G,0.0,1111.0,False,False
S,505,Y,0.0,130.36,True,False
S,506,Q,0.0,836.61,False,False
S,507,P,0.0,1379.7,False,False
S,508,Y,0.0,272.49,False,False
S,509,R,0.0,691.88,False,False
S,510,V,0.0,654.41,False,False
S,511,V,0.0,654.41,False,False
S,512,V,0.0,654.41,False,False
S,513,L,0.0,788.77,False,False
S,514,S,0.0,788.77,False,False
S,515,F,0.0,223.19,False,False
S,516,E,0.0,702.26,False,False
S,517,L,0.0,788.77,False,False
S,518,L,0.0,158.73,False,False
S,519,H,0.0,828.98,False,False
S,520,A,0.0,1245.4,False,False
S,521,P,0.0,1379.7,False,False
S,522,A,0.0,1245.4,False,False
S,523,T,0.0,803.62,False,False
S,524,V,0.0,654.41,False,False
